{"maxRequests":50,"amountOfLoanApplications":3,"requestsMade":7,"loanApplications":[{"id":"26062001","applicant":{"nik":"3174096112900001","name":"Seseorang","gender":"female","amount":5000000,"status":{"accepted":true,"message":""}}},{"id":"26062002","applicant":{"nik":"3172020903040069","name":"AndrePramaditya","gender":"male","amount":5000000,"status":{"accepted":false,"message":"Age is not eligible (greater than 17 / younger than 80)"}}},{"id":"26062003","applicant":{"nik":"3172020903040069","name":"AndrePramaditya","gender":"male","amount":5000000,"status":{"accepted":false,"message":"Age is not eligible (greater than 17 / younger than 80)"}}}]}